timeRec,position
1.739922086305383205e+09
1.739922086305830717e+09
1.739922086305871964e+09
1.739922086305907726e+09
1.739922086306262970e+09
1.739922086306299210e+09
1.739922086306333780e+09
1.739922086306367159e+09
1.739922086306401014e+09
1.739922086306435108e+09
1.739922086306469440e+09
1.739922086306504011e+09
1.739922086306537867e+09
1.739922086306571722e+09
1.739922086306605577e+09
1.739922086306639910e+09
1.739922086306674480e+09
1.739922086306709051e+09
1.739922086308048964e+09
1.739922086308090210e+09
1.739922086308125019e+09
1.739922086308159113e+09
1.739922086308192968e+09
1.739922086308227062e+09
1.739922086308260918e+09
1.739922086308295250e+09
1.739922086308328867e+09
1.739922086308362722e+09
1.739922086308396578e+09
1.739922086308430910e+09
1.739922086308465242e+09
1.739922086308593035e+09
1.739922086308629274e+09
1.739922086308663607e+09
1.739922086308821440e+09
1.739922086312409401e+09
1.739922086313211203e+09
1.739922086313746691e+09
1.739922086313930750e+09
1.739922086315154076e+09
1.739922086315533161e+09
1.739922086315821886e+09
1.739922086315871716e+09
1.739922086317265511e+09
1.739922086318161011e+09
1.739922086318514109e+09
1.739922086319252014e+09
1.739922086320305824e+09
1.739922086321103811e+09
1.739922086321542263e+09
1.739922086321779490e+09
1.739922086322029591e+09
1.739922086322193146e+09
1.739922086322525501e+09
1.739922086322593689e+09
1.739922086322746038e+09
1.739922086322873116e+09
1.739922086322950840e+09
1.739922086323067904e+09
1.739922086323762894e+09
1.739922086323810816e+09
1.739922086323848248e+09
1.739922086323884010e+09
1.739922086323937654e+09
1.739922086323976994e+09
1.739922086324023962e+09
1.739922086324061632e+09
1.739922086324096441e+09
1.739922086324130535e+09
1.739922086324165821e+09
1.739922086324200153e+09
1.739922086324234247e+09
1.739922086324864626e+09
1.739922086325376272e+09
1.739922086325516939e+09
1.739922086327693939e+09
1.739922086327732325e+09
1.739922086328020334e+09
1.739922086328060389e+09
1.739922086328095675e+09
1.739922086328130245e+09
1.739922086328164339e+09
1.739922086328204870e+09
1.739922086328243732e+09
1.739922086328278780e+09
1.739922086328312635e+09
1.739922086328346729e+09
1.739922086328380823e+09
1.739922086328414679e+09
1.739922086328448772e+09
1.739922086328482389e+09
1.739922086328516006e+09
1.739922086328549862e+09
1.739922086328583717e+09
1.739922086328617811e+09
1.739922086328651428e+09
1.739922086328685284e+09
1.739922086328720808e+09
1.739922086328767538e+09
1.739922086328805447e+09
1.739922086328839779e+09
1.739922086331060886e+09
1.739922086331135750e+09
1.739922086331178188e+09
1.739922086331217289e+09
1.739922086331255436e+09
1.739922086331294060e+09
1.739922086331332684e+09
1.739922086331370592e+09
1.739922086331408501e+09
1.739922086331446171e+09
1.739922086331483841e+09
1.739922086331521511e+09
1.739922086331558943e+09
1.739922086331597567e+09
1.739922086331634998e+09
1.739922086331672668e+09
1.739922086331710100e+09
1.739922086331748247e+09
1.739922086331786156e+09
1.739922086331823826e+09
1.739922086331861734e+09
1.739922086331899405e+09
1.739922086331938505e+09
1.739922086331975937e+09
1.739922086332160950e+09
1.739922086332201958e+09
1.739922086332237005e+09
1.739922086332270861e+09
1.739922086332305670e+09
1.739922086332339764e+09
1.739922086332373142e+09
1.739922086332407475e+09
1.739922086332441807e+09
1.739922086332475662e+09
1.739922086332509518e+09
1.739922086332542896e+09
1.739922086332577229e+09
1.739922086332611561e+09
1.739922086343289852e+09
1.739922086393113375e+09
1.739922086443597078e+09
1.739922086494025469e+09
1.739922086543299437e+09
1.739922086594485521e+09
1.739922086644510031e+09
1.739922086694200277e+09
1.739922086744428873e+09
1.739922086793843746e+09
1.739922086846873522e+09
1.739922086896799803e+09
1.739922086944452047e+09
1.739922086997214317e+09
1.739922087044929266e+09
1.739922087095042706e+09
1.739922087144578934e+09
1.739922087197197676e+09
1.739922087255701065e+09
1.739922087296709061e+09
1.739922087345449686e+09
1.739922087395990849e+09
1.739922087444633245e+09
1.739922087495397568e+09
1.739922087544901609e+09
1.739922087595780373e+09
1.739922087646928549e+09
1.739922087697185755e+09
1.739922087746890068e+09
1.739922087796664000e+09
1.739922087847335577e+09
1.739922087896626234e+09
1.739922087952265024e+09
1.739922087996707439e+09
1.739922088047401667e+09
1.739922088098612309e+09
1.739922088147509336e+09
1.739922088196765661e+09
1.739922088248076439e+09
1.739922088297892570e+09
1.739922088350322008e+09
1.739922088398068190e+09
1.739922088447155237e+09
1.739922088498437643e+09
1.739922088548081636e+09
1.739922088598720074e+09
1.739922088650665998e+09
1.739922088698460817e+09
1.739922088749017954e+09
1.739922088800102472e+09
1.739922088851932049e+09
1.739922088898971558e+09
1.739922088949642897e+09
1.739922088998742580e+09
1.739922089048910141e+09
1.739922089100353479e+09
1.739922089154753685e+09
1.739922089199774742e+09
1.739922089250372648e+09
1.739922089302771091e+09
1.739922089352334499e+09
1.739922089401889563e+09
1.739922089450778961e+09
1.739922089500940561e+09
1.739922089551324606e+09
1.739922089600053549e+09
1.739922089651926994e+09
1.739922089700454950e+09
1.739922089751959324e+09
1.739922089800665855e+09
1.739922089854028225e+09
1.739922089902104616e+09
1.739922089951772928e+09
1.739922090001752853e+09
1.739922090063037395e+09
1.739922090114341021e+09
1.739922090156789303e+09
1.739922090202233315e+09
1.739922090253248453e+09
1.739922090303195477e+09
1.739922090352872372e+09
1.739922090405912876e+09
1.739922090459277630e+09
1.739922090503087044e+09
1.739922090553766966e+09
1.739922090605734825e+09
1.739922090652631521e+09
1.739922090703476429e+09
1.739922090753359318e+09
1.739922090803608894e+09
1.739922090855634212e+09
1.739922090903457165e+09
1.739922090954531908e+09
1.739922091004680634e+09
1.739922091054618359e+09
1.739922091106011629e+09
1.739922091154577732e+09
1.739922091205365658e+09
1.739922091254594326e+09
1.739922091304350615e+09
1.739922091354858637e+09
1.739922091404681683e+09
1.739922091459799290e+09
1.739922091506104231e+09
1.739922091556062222e+09
1.739922091605663776e+09
1.739922091655541420e+09
1.739922091707218885e+09
1.739922091756083727e+09
1.739922091806486845e+09
1.739922091855419159e+09
1.739922091906760931e+09
1.739922091957681656e+09
1.739922092007564545e+09
1.739922092056048155e+09
1.739922092106263638e+09
1.739922092159125566e+09
1.739922092207100391e+09
1.739922092258617163e+09
1.739922092308150291e+09
1.739922092359116077e+09
1.739922092411323547e+09
1.739922092460091829e+09
1.739922092507541656e+09
1.739922092558983326e+09
1.739922092612811804e+09
1.739922092658895254e+09
1.739922092707617283e+09
1.739922092758429527e+09
1.739922092809213161e+09
1.739922092858301401e+09
1.739922092909243584e+09
1.739922092958711386e+09
1.739922093009730816e+09
1.739922093059816360e+09
1.739922093111902475e+09
1.739922093159503460e+09
1.739922093212429047e+09
1.739922093259806156e+09
1.739922093309779406e+09
1.739922093364411592e+09
1.739922093409472227e+09
1.739922093460100174e+09
1.739922093511453152e+09
1.739922093560275555e+09
1.739922093610425949e+09
1.739922093659961939e+09
1.739922093712459087e+09
1.739922093760205269e+09
1.739922093812101126e+09
1.739922093861605406e+09
1.739922093911655426e+09
1.739922093963640213e+09
1.739922094014301777e+09
1.739922094061215401e+09
1.739922094112404108e+09
1.739922094162784815e+09
1.739922094213785887e+09
1.739922094264856100e+09
1.739922094314834118e+09
1.739922094362699747e+09
1.739922094413401842e+09
1.739922094462082386e+09
1.739922094517032146e+09
1.739922094562200785e+09
1.739922094613373518e+09
1.739922094662595272e+09
1.739922094713912010e+09
1.739922094762686729e+09
1.739922094814841747e+09
1.739922094867337942e+09
1.739922094918501139e+09
1.739922094963135004e+09
1.739922095013755560e+09
1.739922095063988686e+09
1.739922095114900827e+09
1.739922095167668819e+09
1.739922095215345144e+09
1.739922095264952898e+09
1.739922095315082073e+09
1.739922095368105173e+09
1.739922095415023327e+09
1.739922095469917774e+09
1.739922095516020298e+09
1.739922095565250397e+09
1.739922095617076874e+09
1.739922095664780617e+09
1.739922095716017485e+09
1.739922095769240856e+09
1.739922095817942858e+09
1.739922095868076801e+09
1.739922095916497231e+09
1.739922095967269659e+09
1.739922096016415596e+09
1.739922096067773581e+09
1.739922096116516829e+09
1.739922096167252064e+09
1.739922096217395306e+09
1.739922096266260624e+09
1.739922096316223145e+09
1.739922096367034197e+09
1.739922096417718172e+09
1.739922096466820240e+09
1.739922096517399549e+09
1.739922096569733620e+09
1.739922096617296934e+09
1.739922096668141842e+09
1.739922096717378855e+09
1.739922096769814014e+09
1.739922096819692373e+09
1.739922096867709398e+09
1.739922096917863846e+09
1.739922096969724894e+09
1.739922097018076897e+09
1.739922097069788218e+09
1.739922097119596243e+09
1.739922097168753862e+09
1.739922097220056057e+09
1.739922097270754099e+09
1.739922097320012093e+09
1.739922097371603489e+09
1.739922097419896126e+09
1.739922097469836712e+09
1.739922097520486593e+09
1.739922097570096970e+09
1.739922097621541262e+09
1.739922097671499014e+09
1.739922097720918179e+09
1.739922097771138668e+09
1.739922097820534229e+09
1.739922097870082378e+09
1.739922097920884371e+09
1.739922097971481085e+09
1.739922098021775007e+09
1.739922098070578337e+09
1.739922098121859074e+09
1.739922098171953917e+09
1.739922098222394466e+09
1.739922098272341251e+09
1.739922098321780443e+09
1.739922098373083115e+09
1.739922098421592474e+09
1.739922098472176313e+09
1.739922098523086548e+09
1.739922098573220015e+09
1.739922098622587204e+09
1.739922098672719002e+09
1.739922098723475933e+09
1.739922098776109934e+09
1.739922098824955463e+09
1.739922098873664856e+09
1.739922098926382065e+09
1.739922098973435163e+09
1.739922099024311066e+09
1.739922099074704647e+09
1.739922099124968767e+09
1.739922099173391104e+09
1.739922099223983288e+09
1.739922099274150848e+09
1.739922099323860407e+09
1.739922099375020027e+09
1.739922099426094532e+09
1.739922099475523233e+09
1.739922099525460482e+09
1.739922099576377630e+09
1.739922099625037670e+09
1.739922099675111055e+09
1.739922099725872993e+09
1.739922099778119564e+09
1.739922099827084303e+09
1.739922099878867626e+09
1.739922099927884102e+09
1.739922099975882530e+09
1.739922100025839567e+09
1.739922100080049038e+09
1.739922100126636028e+09
1.739922100176552296e+09
1.739922100239144802e+09
1.739922100277148724e+09
1.739922100326599836e+09
1.739922100379935741e+09
1.739922100427934170e+09
1.739922100476251125e+09
1.739922100526504278e+09
1.739922100577777386e+09
1.739922100626788378e+09
1.739922100677488804e+09
1.739922100730579138e+09
1.739922100777528286e+09
1.739922100829565287e+09
1.739922100878826857e+09
1.739922100931421757e+09
1.739922100978310108e+09
1.739922101028734684e+09
1.739922101078559399e+09
1.739922101128717899e+09
1.739922101179482460e+09
1.739922101229574680e+09
1.739922101279021025e+09
1.739922101329721928e+09
1.739922101379706621e+09
1.739922101429576635e+09
1.739922101480057955e+09
1.739922101529312611e+09
1.739922101582781076e+09
1.739922101634477139e+09
1.739922101682810307e+09
1.739922101730620623e+09
1.739922101780899286e+09
1.739922101830371141e+09
1.739922101880467415e+09
1.739922101931340218e+09
1.739922101981594324e+09
1.739922102031191826e+09
1.739922102080921412e+09
1.739922102134339571e+09
1.739922102183431387e+09
1.739922102232169628e+09
1.739922102282138824e+09
1.739922102332356691e+09
1.739922102382296085e+09
1.739922102433126211e+09
1.739922102482093096e+09
1.739922102532081366e+09
1.739922102581769466e+09
1.739922102632955313e+09
1.739922102682927608e+09
1.739922102732760429e+09
1.739922102782702923e+09
1.739922102838405371e+09
1.739922102883172512e+09
1.739922102933337927e+09
1.739922102983943939e+09
1.739922103033560514e+09
1.739922103084085226e+09
1.739922103146691799e+09
1.739922103183869362e+09
1.739922103235632181e+09
1.739922103285833120e+09
1.739922103334400415e+09
1.739922103383499861e+09
1.739922103439734936e+09
1.739922103486285210e+09
1.739922103535304785e+09
1.739922103584650755e+09
1.739922103634471893e+09
1.739922103685286045e+09
1.739922103735887289e+09
1.739922103785056591e+09
1.739922103835180998e+09
1.739922103885390520e+09
1.739922103937483788e+09
1.739922103988017559e+09
1.739922104035267591e+09
1.739922104085324764e+09
1.739922104135971308e+09
1.739922104185598135e+09
1.739922104238042593e+09
1.739922104290125847e+09
1.739922104336095095e+09
1.739922104389274359e+09
1.739922104437190771e+09
1.739922104489763498e+09
1.739922104536211014e+09
1.739922104587326765e+09
1.739922104636755228e+09
1.739922104689697504e+09
1.739922104737121344e+09
1.739922104788020134e+09
1.739922104838891983e+09
1.739922104886816978e+09
1.739922104938683748e+09
1.739922104987905502e+09
1.739922105037330389e+09
1.739922105088069201e+09
1.739922105138133526e+09
1.739922105188381195e+09
1.739922105239000559e+09
1.739922105297864199e+09
1.739922105338974714e+09
1.739922105391072989e+09
1.739922105439505339e+09
1.739922105489088535e+09
1.739922105539727688e+09
1.739922105589850426e+09
1.739922105640310764e+09
1.739922105690447807e+09
1.739922105740312815e+09
1.739922105791642189e+09
1.739922105841329575e+09
1.739922105891235828e+09
1.739922105941879511e+09
1.739922105991598606e+09
1.739922106041439295e+09
1.739922106090573788e+09
1.739922106143645763e+09
1.739922106194670439e+09
1.739922106243256807e+09
1.739922106292700052e+09
1.739922106341193676e+09
1.739922106390640020e+09
1.739922106441859722e+09
1.739922106491477489e+09
1.739922106542246342e+09
1.739922106592494011e+09
1.739922106644257784e+09
1.739922106692949772e+09
1.739922106743596077e+09
1.739922106792206049e+09
1.739922106841716290e+09
1.739922106892989159e+09
1.739922106942325592e+09
1.739922106992703438e+09
1.739922107042825460e+09
1.739922107093271971e+09
1.739922107146499634e+09
1.739922107193962097e+09
1.739922107244825363e+09
1.739922107294109106e+09
1.739922107343648434e+09
1.739922107394271135e+09
1.739922107443813086e+09
1.739922107494066954e+09
1.739922107544143200e+09
1.739922107594639063e+09
1.739922107644311190e+09
1.739922107694665194e+09
1.739922107744818211e+09
1.739922107795626163e+09
1.739922107846474409e+09
1.739922107896196127e+09
1.739922107945669413e+09
1.739922107995731831e+09
1.739922108045838833e+09
1.739922108095957518e+09
1.739922108146132469e+09
1.739922108196455479e+09
1.739922108246356964e+09
1.739922108296448231e+09
1.739922108345338583e+09
1.739922108395959616e+09
1.739922108448172331e+09
1.739922108497160196e+09
1.739922108547214270e+09
1.739922108596767426e+09
1.739922108647316933e+09
1.739922108701357603e+09
1.739922108747723579e+09
1.739922108798171043e+09
1.739922108847791672e+09
1.739922108897814035e+09
1.739922108947968006e+09
1.739922109000032663e+09
1.739922109048080683e+09
1.739922109098110437e+09
1.739922109148818016e+09
1.739922109198342323e+09
1.739922109248220205e+09
1.739922109299052477e+09
1.739922109349129438e+09
1.739922109398549557e+09
1.739922109450469732e+09
1.739922109499257565e+09
1.739922109549522161e+09
1.739922109599956989e+09
1.739922109649687767e+09
1.739922109699970245e+09
1.739922109750908852e+09
1.739922109801328897e+09
1.739922109849940538e+09
1.739922109901126146e+09
1.739922109951289892e+09
1.739922110000895500e+09
1.739922110051275253e+09
1.739922110107094049e+09
1.739922110151664019e+09
1.739922110200578213e+09
1.739922110251867056e+09
1.739922110308951378e+09
1.739922110367248297e+09
1.739922110401857376e+09
1.739922110454678059e+09
1.739922110505212307e+09
1.739922110552972317e+09
1.739922110603154421e+09
1.739922110652458668e+09
1.739922110703400373e+09
1.739922110753321648e+09
1.739922110802757978e+09
1.739922110853348494e+09
1.739922110904091358e+09
1.739922110953322649e+09
1.739922111003783226e+09
1.739922111053609133e+09
1.739922111103588343e+09
1.739922111153768539e+09
1.739922111204380989e+09
1.739922111253879070e+09
1.739922111304088116e+09
1.739922111355442286e+09
1.739922111405121088e+09
1.739922111454888105e+09
1.739922111505098581e+09
1.739922111556179047e+09
1.739922111605664253e+09
1.739922111655753136e+09
1.739922111705983400e+09
1.739922111755726337e+09
1.739922111805841208e+09
1.739922111855881214e+09
1.739922111906775475e+09
1.739922111956409693e+09
1.739922112006321192e+09
1.739922112055916309e+09
1.739922112109309435e+09
1.739922112157080412e+09
1.739922112207123041e+09
1.739922112256596327e+09
1.739922112307156086e+09
1.739922112357229471e+09
1.739922112407418013e+09
1.739922112457536459e+09
1.739922112508034229e+09
1.739922112557199001e+09
1.739922112609537840e+09
1.739922112658560991e+09
1.739922112707631826e+09
1.739922112757627249e+09
1.739922112809206963e+09
1.739922112859655619e+09
1.739922112907951593e+09
1.739922112958121061e+09
1.739922113009252071e+09
1.739922113061932325e+09
1.739922113109298229e+09
1.739922113160802126e+09
1.739922113210464239e+09
1.739922113259628057e+09
1.739922113310880423e+09
1.739922113363089323e+09
1.739922113415166378e+09
1.739922113460072994e+09
1.739922113510161161e+09
1.739922113560574770e+09
1.739922113609854698e+09
1.739922113660818577e+09
1.739922113716054678e+09
1.739922113760996342e+09
1.739922113810937405e+09
1.739922113860568523e+09
1.739922113910844564e+09
1.739922113964400053e+09
1.739922114012899160e+09
1.739922114061954975e+09
1.739922114112149000e+09
1.739922114163754940e+09
1.739922114216018677e+09
1.739922114261810780e+09
1.739922114311705589e+09
1.739922114362828732e+09
1.739922114412199259e+09
1.739922114462847710e+09
1.739922114513224125e+09
1.739922114562437773e+09
1.739922114611895800e+09
1.739922114662791729e+09
1.739922114714130402e+09
1.739922114765158892e+09
1.739922114813848972e+09
1.739922114866036415e+09
1.739922114913955927e+09
1.739922114964101791e+09
1.739922115013939142e+09
1.739922115063845634e+09
1.739922115114144802e+09
1.739922115164198399e+09
1.739922115219013691e+09
1.739922115265592575e+09
1.739922115314563990e+09
1.739922115365309238e+09
1.739922115418279171e+09
1.739922115475053549e+09
1.739922115515761614e+09
1.739922115565258503e+09
1.739922115615942240e+09
1.739922115665420532e+09
1.739922115714967251e+09
1.739922115773952961e+09
1.739922115816075087e+09
1.739922115867031336e+09
1.739922115916144133e+09
1.739922115966556072e+09
1.739922116017889500e+09
1.739922116066351175e+09
1.739922116116993427e+09
1.739922116167339563e+09
1.739922116217427731e+09
1.739922116267129183e+09
1.739922116317045212e+09
1.739922116367092371e+09
1.739922116420067310e+09
1.739922116468107700e+09
1.739922116518254042e+09
1.739922116568151712e+09
1.739922116618366003e+09
1.739922116668529749e+09
1.739922116718160391e+09
1.739922116767630339e+09
1.739922116818223715e+09
1.739922116868903637e+09
1.739922116920973063e+09
1.739922116968687296e+09
1.739922117018905878e+09
1.739922117069989443e+09
1.739922117123344660e+09
1.739922117170104265e+09
1.739922117221196175e+09
1.739922117270017624e+09
1.739922117319526434e+09
1.739922117370499372e+09
1.739922117419800520e+09
1.739922117470608234e+09
1.739922117520615339e+09
1.739922117571149826e+09
1.739922117620958805e+09
1.739922117670481682e+09
1.739922117724034786e+09
1.739922117773135424e+09
1.739922117822067022e+09
1.739922117871287584e+09
1.739922117921461582e+09
1.739922117971927404e+09
1.739922118021600008e+09
1.739922118071678400e+09
1.739922118122482538e+09
1.739922118172085762e+09
1.739922118222259045e+09
1.739922118272539139e+09
1.739922118321827650e+09
1.739922118372493982e+09
1.739922118422021151e+09
1.739922118474987268e+09
1.739922118525080681e+09
1.739922118572581530e+09
1.739922118623035908e+09
1.739922118672642231e+09
1.739922118724059582e+09
1.739922118773022175e+09
1.739922118823709011e+09
1.739922118873725653e+09
1.739922118925333977e+09
1.739922118973545790e+09
1.739922119023782969e+09
1.739922119073823929e+09
1.739922119124635220e+09
1.739922119173898220e+09
1.739922119223701715e+09
1.739922119274496317e+09
1.739922119328032255e+09
1.739922119376519203e+09
1.739922119425617218e+09
1.739922119475934505e+09
1.739922119525512218e+09
1.739922119575238466e+09
1.739922119626296282e+09
1.739922119676304340e+09
1.739922119725482225e+09
1.739922119777647972e+09
1.739922119826442003e+09
1.739922119875959396e+09
1.739922119926105499e+09
1.739922119976891756e+09
1.739922120026908875e+09
1.739922120077395439e+09
1.739922120126868486e+09
1.739922120177436829e+09
1.739922120227428436e+09
1.739922120277171135e+09
1.739922120327816010e+09
1.739922120377659321e+09
1.739922120428078651e+09
1.739922120478151321e+09
1.739922120532202721e+09
1.739922120578804493e+09
1.739922120628735065e+09
1.739922120678620100e+09
1.739922120730779171e+09
1.739922120780683279e+09
1.739922120828557968e+09
1.739922120879557371e+09
1.739922120929169416e+09
1.739922120980177641e+09
1.739922121029637337e+09
1.739922121079588890e+09
1.739922121129413605e+09
1.739922121179949284e+09
1.739922121230559826e+09
1.739922121279649019e+09
1.739922121330511093e+09
1.739922121380080223e+09
1.739922121430910349e+09
1.739922121480263472e+09
1.739922121530997753e+09
1.739922121580480337e+09
1.739922121631078243e+09
1.739922121680635691e+09
1.739922121736160755e+09
1.739922121782337904e+09
1.739922121832713366e+09
1.739922121881724119e+09
1.739922121930859804e+09
1.739922121981931448e+09
1.739922122031742096e+09
1.739922122083023787e+09
1.739922122135583639e+09
1.739922122184929609e+09
1.739922122231789589e+09
1.739922122282605171e+09
1.739922122333356619e+09
1.739922122382907629e+09
1.739922122433300972e+09
1.739922122483196974e+09
1.739922122538077354e+09
1.739922122584546328e+09
1.739922122633538961e+09
1.739922122685448408e+09
1.739922122734512329e+09
1.739922122787073851e+09
1.739922122834023714e+09
1.739922122884802818e+09
1.739922122934766531e+09
1.739922122984562397e+09
1.739922123035071135e+09
1.739922123085505724e+09
1.739922123134313583e+09
1.739922123185385942e+09
1.739922123234627247e+09
1.739922123285830736e+09
1.739922123336275816e+09
1.739922123386043549e+09
1.739922123435697556e+09
1.739922123485243082e+09
1.739922123537785292e+09
1.739922123586805582e+09
1.739922123636967182e+09
1.739922123686882496e+09
1.739922123737188578e+09
1.739922123787842512e+09
1.739922123837663174e+09
1.739922123886605263e+09
1.739922123938146830e+09
1.739922123987425566e+09
1.739922124038944721e+09
1.739922124088083506e+09
1.739922124140029907e+09
1.739922124188313007e+09
1.739922124242460251e+09
1.739922124288421154e+09
1.739922124338682652e+09
1.739922124387687922e+09
1.739922124445238829e+09
1.739922124488771677e+09
1.739922124540016174e+09
1.739922124589813709e+09
1.739922124639837980e+09
1.739922124689380884e+09
1.739922124740760803e+09
1.739922124791067123e+09
1.739922124838950157e+09
1.739922124890803814e+09
1.739922124940028429e+09
1.739922124990037680e+09
1.739922125040052891e+09
1.739922125091294527e+09
1.739922125140177727e+09
1.739922125190594912e+09
1.739922125241005421e+09
1.739922125290648937e+09
1.739922125344399452e+09
1.739922125392523766e+09
1.739922125444988966e+09
1.739922125492293835e+09
1.739922125541440725e+09
1.739922125593434572e+09
1.739922125642851591e+09
1.739922125692476511e+09
1.739922125742667437e+09
1.739922125797192812e+09
1.739922125841900110e+09
1.739922125892140865e+09
1.739922125941771984e+09
1.739922125992175579e+09
1.739922126042374372e+09
1.739922126091925144e+09
1.739922126142723799e+09
1.739922126193421841e+09
1.739922126242202044e+09
1.739922126293992043e+09
1.739922126343490601e+09
1.739922126393994093e+09
1.739922126444624662e+09
1.739922126493910789e+09
1.739922126544728756e+09
1.739922126594227791e+09
1.739922126644524813e+09
1.739922126693459272e+09
1.739922126745793343e+09
1.739922126799129009e+09
1.739922126843760014e+09
1.739922126895286322e+09
1.739922126947873116e+09
1.739922126996074915e+09
1.739922127045564175e+09
1.739922127096923590e+09
1.739922127145606756e+09
1.739922127195218086e+09
1.739922127246209621e+09
1.739922127296325922e+09
1.739922127346945286e+09
1.739922127397358179e+09
1.739922127445468426e+09
1.739922127496231079e+09
1.739922127548466682e+09
1.739922127596468210e+09
1.739922127647466421e+09
1.739922127696520567e+09
1.739922127747740746e+09
1.739922127797641516e+09
1.739922127848654747e+09
1.739922127898118496e+09
1.739922127948323488e+09
1.739922127998134613e+09
1.739922128050232887e+09
1.739922128097771406e+09
1.739922128148105383e+09
1.739922128198505402e+09
1.739922128248264551e+09
1.739922128299193621e+09
1.739922128348496914e+09
1.739922128400656462e+09
1.739922128449326992e+09
1.739922128503777742e+09
1.739922128551851511e+09
1.739922128598634243e+09
1.739922128649874687e+09
1.739922128698977709e+09
1.739922128750735044e+09
1.739922128800716877e+09
1.739922128850005865e+09
1.739922128900830269e+09
1.739922128950260401e+09
1.739922129001986027e+09
1.739922129052123785e+09
1.739922129104110003e+09
1.739922129151628256e+09
1.739922129202685595e+09
1.739922129252425671e+09
1.739922129303292751e+09
1.739922129354171991e+09
1.739922129402201176e+09
1.739922129453298092e+09
1.739922129502905607e+09
1.739922129552212000e+09
1.739922129602122545e+09
1.739922129651628256e+09
1.739922129702884674e+09
1.739922129751883507e+09
1.739922129803236723e+09
1.739922129853235722e+09
1.739922129905166388e+09
1.739922129953544140e+09
1.739922130003726959e+09
1.739922130053347111e+09
1.739922130104480028e+09
1.739922130157843113e+09
1.739922130203840971e+09
1.739922130253914356e+09
1.739922130304682732e+09
1.739922130353457451e+09
1.739922130404271603e+09
1.739922130455959797e+09
1.739922130505284786e+09
1.739922130557180882e+09
1.739922130605041742e+09
1.739922130662031651e+09
1.739922130715516567e+09
1.739922130755431652e+09
1.739922130806535006e+09
1.739922130856092691e+09
1.739922130905815125e+09
1.739922130956274748e+09
1.739922131008089542e+09
1.739922131056762695e+09
1.739922131109672785e+09
1.739922131157106876e+09
1.739922131206975222e+09
1.739922131257128954e+09
1.739922131307105780e+09
1.739922131357279301e+09
1.739922131407748699e+09
1.739922131464489222e+09
1.739922131507678986e+09
1.739922131557708025e+09
1.739922131607329130e+09
1.739922131660281181e+09
1.739922131708544731e+09
1.739922131757771969e+09
1.739922131808687210e+09
1.739922131859072924e+09
1.739922131908966064e+09
1.739922131959148884e+09
1.739922132009070158e+09
1.739922132060112715e+09
1.739922132108240128e+09
1.739922132158363819e+09
1.739922132209036589e+09
1.739922132261149645e+09
1.739922132309663534e+09
1.739922132360101700e+09
1.739922132409199715e+09
1.739922132459936857e+09
1.739922132509896040e+09
1.739922132560074806e+09
1.739922132610422611e+09
1.739922132660198450e+09
1.739922132711060286e+09
1.739922132761140585e+09
1.739922132810617924e+09
1.739922132860787630e+09
1.739922132911624670e+09
1.739922132961487770e+09
1.739922133016168594e+09
1.739922133062293291e+09
1.739922133112115145e+09
1.739922133162353516e+09
1.739922133212196589e+09
1.739922133262268066e+09
1.739922133311823368e+09
1.739922133363078117e+09
1.739922133412726164e+09
1.739922133462978601e+09
1.739922133512760878e+09
1.739922133562833548e+09
1.739922133612974405e+09
1.739922133665972471e+09
1.739922133712161779e+09
1.739922133763814449e+09
1.739922133813716173e+09
1.739922133863821268e+09
1.739922133912690639e+09
1.739922133964045286e+09
1.739922134015259504e+09
1.739922134064452648e+09
1.739922134114543676e+09
1.739922134163419485e+09
1.739922134214777231e+09
1.739922134264638662e+09
1.739922134314960241e+09
1.739922134365614653e+09
1.739922134415371180e+09
1.739922134464701653e+09
1.739922134514450788e+09
1.739922134564792633e+09
1.739922134615222692e+09
1.739922134667074442e+09
1.739922134716485739e+09
1.739922134765680075e+09
1.739922134815780401e+09
1.739922134865923166e+09
1.739922134916501284e+09
1.739922134966169834e+09
1.739922135016407013e+09
1.739922135065803766e+09
1.739922135119572163e+09
1.739922135167840958e+09
1.739922135217223167e+09
1.739922135269132137e+09
1.739922135317470789e+09
1.739922135368020296e+09
1.739922135417708397e+09
1.739922135472900391e+09
1.739922135517289639e+09
1.739922135567923307e+09
1.739922135618234634e+09
1.739922135668544054e+09
1.739922135718387365e+09
1.739922135776723146e+09
1.739922135818144321e+09
1.739922135868526936e+09
1.739922135918488264e+09
1.739922135973172426e+09
1.739922136018915892e+09
1.739922136069306374e+09
1.739922136119486570e+09
1.739922136168700933e+09
1.739922136220042706e+09
1.739922136269843817e+09
1.739922136319919825e+09
1.739922136368972063e+09
1.739922136423512220e+09
1.739922136470750809e+09
1.739922136521277905e+09
1.739922136570578098e+09
1.739922136625552177e+09
1.739922136669745684e+09
1.739922136720500469e+09
1.739922136769960880e+09
1.739922136820530415e+09
1.739922136871231079e+09
1.739922136922673941e+09
1.739922136973135710e+09
1.739922137023205996e+09
1.739922137072082520e+09
1.739922137124409914e+09
1.739922137172047138e+09
1.739922137222533226e+09
1.739922137271663666e+09
1.739922137322306871e+09
1.739922137372193336e+09
1.739922137424052238e+09
1.739922137473987579e+09
1.739922137522301674e+09
1.739922137578828096e+09
1.739922137622943163e+09
1.739922137673081875e+09
1.739922137723479748e+09
1.739922137773416042e+09
1.739922137823837042e+09
1.739922137872576714e+09
1.739922137923470259e+09
1.739922137974272966e+09
1.739922138024418116e+09
1.739922138079905272e+09
1.739922138123869658e+09
1.739922138177029371e+09
1.739922138224873066e+09
1.739922138273848295e+09
1.739922138324459076e+09
1.739922138375175476e+09
1.739922138424575329e+09
1.739922138474954128e+09
1.739922138525388718e+09
1.739922138577702999e+09
1.739922138625665188e+09
1.739922138675844431e+09
1.739922138725474834e+09
1.739922138776897907e+09
1.739922138826246738e+09
1.739922138876110554e+09
1.739922138925797939e+09
1.739922138976723671e+09
1.739922139027256012e+09
1.739922139076157808e+09
1.739922139127030134e+09
1.739922139176986694e+09
1.739922139228090763e+09
1.739922139277173758e+09
1.739922139327476501e+09
1.739922139377506495e+09
1.739922139427040339e+09
1.739922139480030298e+09
1.739922139527642727e+09
1.739922139577470064e+09
1.739922139628098011e+09
1.739922139677173615e+09
1.739922139739366770e+09
1.739922139777546406e+09
1.739922139832093716e+09
1.739922139884274244e+09
1.739922139927962542e+09
1.739922139983001232e+09
1.739922140030477524e+09
1.739922140078683853e+09
1.739922140129410744e+09
1.739922140179266453e+09
1.739922140230624914e+09
1.739922140284513235e+09
1.739922140331000328e+09
1.739922140380825996e+09
1.739922140430745840e+09
1.739922140480572701e+09
1.739922140530586004e+09
1.739922140580260038e+09
1.739922140630354166e+09
1.739922140680624247e+09
1.739922140733479023e+09
1.739922140782358646e+09
1.739922140838234901e+09
1.739922140881805420e+09
1.739922140930976868e+09
1.739922140982166052e+09
1.739922141033355713e+09
1.739922141082329512e+09
1.739922141132028103e+09
1.739922141182127714e+09
1.739922141232443810e+09
1.739922141284398794e+09
1.739922141335564375e+09
1.739922141382781744e+09
1.739922141433058500e+09
1.739922141483111143e+09
1.739922141533420563e+09
1.739922141583676815e+09
1.739922141634818316e+09
1.739922141683775425e+09
1.739922141734334469e+09
1.739922141783609390e+09
1.739922141834355831e+09
1.739922141884114981e+09
1.739922141934210539e+09
1.739922141984155416e+09
1.739922142034287453e+09
1.739922142085538149e+09
1.739922142135296583e+09
1.739922142185359716e+09
1.739922142234767199e+09
1.739922142284886360e+09
1.739922142337512255e+09
1.739922142385679007e+09
1.739922142436909676e+09
1.739922142487135887e+09
1.739922142535604239e+09
1.739922142585964918e+09
1.739922142636384249e+09
1.739922142687954187e+09
1.739922142737796307e+09
1.739922142786838770e+09
1.739922142837134838e+09
1.739922142886462927e+09
1.739922142936532021e+09
1.739922142986774921e+09
1.739922143036988258e+09
1.739922143087185860e+09
1.739922143137375116e+09
1.739922143187228918e+09
1.739922143236773968e+09
1.739922143287974119e+09
1.739922143337653399e+09
1.739922143388306618e+09
1.739922143438595057e+09
1.739922143488123655e+09
1.739922143541106701e+09
1.739922143588418245e+09
1.739922143639106750e+09
1.739922143688585758e+09
1.739922143739367723e+09
1.739922143788993359e+09
1.739922143839311123e+09
1.739922143890328169e+09
1.739922143939890385e+09
1.739922143989783287e+09
1.739922144039654970e+09
1.739922144090880871e+09
1.739922144140120029e+09
1.739922144190156698e+09
1.739922144240649939e+09
1.739922144290414572e+09
1.739922144343025208e+09
1.739922144391239405e+09
1.739922144441462994e+09
1.739922144490846395e+09
1.739922144541559458e+09
1.739922144598064899e+09
1.739922144642064571e+09
1.739922144691408634e+09
1.739922144742837191e+09
1.739922144791472673e+09
1.739922144841737032e+09
1.739922144892444849e+09
1.739922144942512989e+09
1.739922144992229462e+09
1.739922145042411566e+09
1.739922145092812061e+09
1.739922145142715693e+09
1.739922145192392588e+09
1.739922145243542194e+09
1.739922145293442249e+09
1.739922145342733145e+09
1.739922145392791748e+09
1.739922145443546772e+09
1.739922145493384361e+09
1.739922145544409513e+09
1.739922145594828129e+09
1.739922145644241810e+09
1.739922145694805145e+09
1.739922145745114088e+09
1.739922145795680285e+09
1.739922145845667362e+09
1.739922145898240566e+09
1.739922145952023506e+09
1.739922145995071650e+09
1.739922146045864820e+09
1.739922146095715761e+09
1.739922146146006346e+09
1.739922146195747375e+09
1.739922146247318745e+09
1.739922146295936108e+09
1.739922146346767187e+09
1.739922146396502018e+09
1.739922146447200060e+09
1.739922146496647596e+09
1.739922146546661615e+09
1.739922146596905947e+09
1.739922146647464275e+09
1.739922146696618080e+09
1.739922146751999855e+09
1.739922146797546864e+09
1.739922146847701311e+09
1.739922146897640705e+09
1.739922146948883057e+09
1.739922146999409914e+09
1.739922147048015356e+09
1.739922147098601818e+09
1.739922147149479628e+09
1.739922147197899103e+09
1.739922147249152660e+09
1.739922147298728466e+09
1.739922147348968029e+09
1.739922147398963690e+09
1.739922147449746609e+09
1.739922147499809742e+09
1.739922147549927473e+09
1.739922147600195646e+09
1.739922147649668694e+09
1.739922147699881792e+09
1.739922147750108004e+09
1.739922147800629139e+09
1.739922147850423098e+09
1.739922147900422812e+09
1.739922147951688528e+09
1.739922148000822067e+09
1.739922148050919056e+09
1.739922148101148129e+09
1.739922148151213884e+09
1.739922148203011751e+09
1.739922148252070665e+09
1.739922148301590443e+09
1.739922148351760626e+09
1.739922148402902603e+09
1.739922148452578068e+09
1.739922148503193617e+09
1.739922148552445173e+09
1.739922148602372885e+09
1.739922148654600859e+09
1.739922148703215837e+09
1.739922148752878189e+09
1.739922148804055214e+09
1.739922148857539892e+09
1.739922148903299809e+09
1.739922148952829361e+09
1.739922149003155947e+09
1.739922149054429293e+09
1.739922149107670784e+09
1.739922149154765368e+09
1.739922149203892708e+09
1.739922149254845381e+09
1.739922149308015108e+09
1.739922149355313301e+09
1.739922149407511950e+09
1.739922149455161333e+09
1.739922149505280256e+09
1.739922149555905819e+09
1.739922149605874538e+09
1.739922149657012463e+09
1.739922149706357002e+09
1.739922149756996155e+09
1.739922149807474852e+09
1.739922149857111216e+09
1.739922149908436775e+09
1.739922149956442595e+09
1.739922150007936478e+09
1.739922150059764624e+09
1.739922150108299255e+09
1.739922150156725645e+09
1.739922150209229469e+09
1.739922150257549047e+09
1.739922150307363987e+09
1.739922150358574390e+09
1.739922150407503605e+09
1.739922150458589554e+09
1.739922150508458853e+09
1.739922150558885336e+09
1.739922150610097408e+09
1.739922150658437014e+09
1.739922150710164547e+09
1.739922150759507418e+09
1.739922150810768366e+09
1.739922150864938498e+09
1.739922150909204245e+09
1.739922150960265160e+09
1.739922151009909153e+09
1.739922151064305067e+09
1.739922151110662222e+09
1.739922151159914494e+09
1.739922151212273836e+09
1.739922151260423183e+09
1.739922151311053991e+09
1.739922151364397287e+09
1.739922151411217928e+09
1.739922151461720228e+09
1.739922151511368990e+09
1.739922151562295914e+09
1.739922151611287832e+09
1.739922151661396503e+09
1.739922151711886168e+09
1.739922151762460947e+09
1.739922151812566280e+09
1.739922151862713337e+09
1.739922151912021875e+09
1.739922151963413239e+09
1.739922152012947559e+09
1.739922152062569380e+09
1.739922152113263607e+09
1.739922152163041353e+09
1.739922152214395761e+09
1.739922152264673471e+09
1.739922152313683510e+09
1.739922152363438368e+09
1.739922152414744139e+09
1.739922152463797331e+09
1.739922152514039516e+09
1.739922152564637899e+09
1.739922152614276171e+09
1.739922152665243864e+09
1.739922152715106249e+09
1.739922152765505314e+09
1.739922152815629482e+09
1.739922152864958525e+09
1.739922152915904760e+09
1.739922152965845585e+09
1.739922153015874386e+09
1.739922153066064596e+09
1.739922153115729094e+09
1.739922153165867805e+09
1.739922153215873003e+09
1.739922153266041517e+09
1.739922153317052841e+09
1.739922153367969036e+09
1.739922153417156696e+09
1.739922153467964411e+09
1.739922153517341137e+09
1.739922153567285061e+09
1.739922153616988897e+09
1.739922153667073250e+09
1.739922153718131542e+09
1.739922153767642260e+09
1.739922153817730904e+09
1.739922153867776871e+09
1.739922153919023991e+09
1.739922153969276905e+09
1.739922154018681049e+09
1.739922154068942308e+09
1.739922154117766380e+09
1.739922154169061661e+09
1.739922154218036175e+09
1.739922154269117355e+09
1.739922154319993019e+09
1.739922154369616985e+09
1.739922154420394897e+09
1.739922154470240355e+09
1.739922154518913031e+09
1.739922154570777178e+09
1.739922154620768547e+09
1.739922154669947624e+09
1.739922154720061541e+09
1.739922154770896673e+09
1.739922154820271969e+09
1.739922154871534109e+09
1.739922154921532869e+09
1.739922154971804619e+09
1.739922155023993254e+09
1.739922155071201324e+09
1.739922155122063875e+09
1.739922155171620131e+09
1.739922155221588373e+09
1.739922155271729231e+09
1.739922155321762800e+09
1.739922155372919798e+09
1.739922155422855377e+09
1.739922155472910404e+09
1.739922155523172140e+09
1.739922155572026014e+09
1.739922155624199867e+09
1.739922155673454046e+09
1.739922155723692894e+09
1.739922155773048401e+09
1.739922155823700428e+09
1.739922155874171972e+09
1.739922155924020529e+09
1.739922155976067066e+09
1.739922156024380684e+09
1.739922156075062275e+09
1.739922156125702620e+09
1.739922156174784660e+09
1.739922156225001335e+09
1.739922156275169134e+09
1.739922156328936100e+09
1.739922156375567913e+09
1.739922156425584316e+09
1.739922156476461411e+09
1.739922156529786825e+09
1.739922156576107502e+09
1.739922156626247883e+09
1.739922156677263021e+09
1.739922156725999355e+09
1.739922156777139664e+09
1.739922156826731920e+09
1.739922156877904177e+09
1.739922156926579714e+09
1.739922156977053642e+09
1.739922157027552366e+09
1.739922157077579021e+09
1.739922157127612114e+09
1.739922157177469254e+09
1.739922157227964640e+09
1.739922157278682947e+09
1.739922157328842640e+09
1.739922157378454208e+09
1.739922157427766800e+09
1.739922157479856014e+09
1.739922157533915758e+09
1.739922157583461046e+09
1.739922157628944397e+09
1.739922157678435802e+09
1.739922157728918552e+09
1.739922157779695511e+09
1.739922157829408407e+09
1.739922157879752398e+09
1.739922157929790974e+09
1.739922157980311155e+09
1.739922158030136585e+09
1.739922158082737923e+09
1.739922158129952908e+09
1.739922158181761980e+09
1.739922158230985641e+09
1.739922158281044245e+09
1.739922158331686974e+09
1.739922158381998539e+09
1.739922158430560112e+09
1.739922158482036829e+09
1.739922158530384541e+09
1.739922158582745790e+09
1.739922158631186008e+09
1.739922158681781054e+09
1.739922158731301308e+09
1.739922158781221867e+09
1.739922158830882311e+09
1.739922158882431030e+09
1.739922158932993174e+09
1.739922158984223127e+09
1.739922159033455849e+09
1.739922159082849979e+09
1.739922159133203745e+09
1.739922159183876753e+09
1.739922159233437538e+09
1.739922159282986641e+09
1.739922159333735943e+09
1.739922159384165287e+09
1.739922159433928967e+09
1.739922159486083984e+09
1.739922159533902168e+09
1.739922159587083578e+09
1.739922159634339333e+09
1.739922159684195995e+09
1.739922159735300779e+09
1.739922159785153866e+09
1.739922159834896326e+09
1.739922159884267807e+09
1.739922159936035395e+09
1.739922159985557556e+09
1.739922160035575390e+09
1.739922160086073160e+09
1.739922160135876179e+09
1.739922160186045647e+09
1.739922160235353231e+09
1.739922160286278963e+09
1.739922160337367296e+09
1.739922160386417389e+09
1.739922160436726332e+09
1.739922160486939907e+09
1.739922160537139893e+09
1.739922160587779284e+09
1.739922160638166666e+09
1.739922160687166452e+09
1.739922160742982388e+09
1.739922160788069010e+09
1.739922160838633299e+09
1.739922160887566805e+09
1.739922160939550161e+09
1.739922160987803936e+09
1.739922161038920164e+09
1.739922161088907003e+09
1.739922161139554977e+09
1.739922161190630436e+09
1.739922161239281654e+09
1.739922161289098024e+09
1.739922161339363337e+09
1.739922161389500856e+09
1.739922161439777374e+09
1.739922161490423203e+09
1.739922161540068626e+09
1.739922161588943243e+09
1.739922161640974998e+09
1.739922161689826250e+09
1.739922161740803242e+09
1.739922161790056467e+09
1.739922161840749502e+09
1.739922161890334606e+09
1.739922161945910454e+09
1.739922161991028547e+09
1.739922162041375399e+09
1.739922162091241121e+09
1.739922162141462564e+09
1.739922162191561937e+09
1.739922162241826057e+09
1.739922162291919947e+09
1.739922162343132496e+09
1.739922162392667055e+09
1.739922162443670511e+09
1.739922162493911266e+09
1.739922162543434143e+09
1.739922162592615128e+09
1.739922162642729521e+09
1.739922162694360018e+09
1.739922162744128942e+09
1.739922162793246746e+09
1.739922162843288898e+09
1.739922162895245075e+09
1.739922162943536997e+09
1.739922162995827913e+09
1.739922163043872118e+09
1.739922163094115257e+09
1.739922163144218206e+09
1.739922163194042444e+09
1.739922163244113684e+09
1.739922163294553757e+09
1.739922163344422102e+09
1.739922163396813869e+09
1.739922163445363522e+09
1.739922163494691372e+09
1.739922163545572519e+09
1.739922163595914125e+09
1.739922163645978689e+09
1.739922163696245670e+09
1.739922163745666265e+09
1.739922163795910358e+09
1.739922163846110106e+09
1.739922163896537066e+09
1.739922163946563482e+09
1.739922163995903969e+09
1.739922164045968533e+09
1.739922164096223831e+09
1.739922164145822287e+09
1.739922164196678638e+09
1.739922164247981310e+09
1.739922164298579216e+09
1.739922164348428249e+09
1.739922164397980928e+09
1.739922164447364569e+09
1.739922164499187708e+09
1.739922164547116756e+09
1.739922164597573996e+09
1.739922164648853779e+09
1.739922164698114872e+09
1.739922164748139858e+09
1.739922164798503399e+09
1.739922164848588943e+09
1.739922164898689508e+09
1.739922164948623180e+09
1.739922164999046803e+09
1.739922165050280094e+09
1.739922165100522280e+09
1.739922165149593115e+09
1.739922165199293852e+09
1.739922165250146389e+09
1.739922165299550295e+09
1.739922165350092649e+09
1.739922165399835348e+09
1.739922165450015306e+09
1.739922165500245810e+09
1.739922165551038980e+09
1.739922165600807667e+09
1.739922165651269436e+09
1.739922165701926947e+09
1.739922165751940489e+09
1.739922165801253796e+09
1.739922165851062298e+09
1.739922165903543472e+09
1.739922165950821161e+09
1.739922166001479149e+09
1.739922166051151276e+09
1.739922166101229906e+09
1.739922166153579473e+09
1.739922166202590466e+09
1.739922166253172398e+09
1.739922166303318501e+09
1.739922166353267193e+09
1.739922166406395912e+09
1.739922166452911377e+09
1.739922166504791021e+09
1.739922166555015087e+09
1.739922166604029417e+09
1.739922166653497458e+09
1.739922166704168558e+09
1.739922166753266335e+09
1.739922166805079460e+09
1.739922166855121613e+09
1.739922166904090881e+09
1.739922166953870773e+09
1.739922167004313707e+09
1.739922167054979801e+09
1.739922167105248928e+09
1.739922167154779196e+09
1.739922167204894304e+09
1.739922167255755663e+09
1.739922167305988550e+09
1.739922167355295897e+09
1.739922167406286240e+09
1.739922167456681967e+09
1.739922167506950617e+09
1.739922167560978889e+09
1.739922167607215643e+09
1.739922167657580137e+09
1.739922167709501028e+09
1.739922167756567001e+09
1.739922167806489944e+09
1.739922167856586933e+09
1.739922167906900644e+09
1.739922167957984924e+09
1.739922168007336378e+09
1.739922168059036732e+09
1.739922168107385635e+09
1.739922168159177542e+09
1.739922168207662344e+09
1.739922168257863998e+09
1.739922168308856487e+09
1.739922168357941389e+09
1.739922168408308268e+09
1.739922168458412886e+09
1.739922168508592129e+09
1.739922168558688164e+09
1.739922168608860731e+09
1.739922168661290169e+09
1.739922168709381342e+09
1.739922168760011673e+09
1.739922168809762478e+09
1.739922168859667063e+09
1.739922168910981894e+09
1.739922168962729692e+09
1.739922169010613203e+09
1.739922169061944008e+09
1.739922169110055447e+09
1.739922169160672188e+09
1.739922169211374998e+09
1.739922169260859251e+09
1.739922169312051058e+09
1.739922169361898899e+09
1.739922169413849115e+09
1.739922169462204695e+09
1.739922169511682510e+09
1.739922169562994719e+09
1.739922169613339424e+09
1.739922169662053585e+09
1.739922169712282419e+09
1.739922169767738104e+09
1.739922169813715219e+09
1.739922169862901688e+09
1.739922169913842201e+09
1.739922169962105513e+09
1.739922170012755632e+09
1.739922170063439131e+09
1.739922170114168644e+09
1.739922170168044567e+09
1.739922170214093208e+09
1.739922170265286684e+09
1.739922170314292431e+09
1.739922170364331484e+09
1.739922170414175510e+09
1.739922170465331316e+09
1.739922170517218113e+09
1.739922170565730095e+09
1.739922170617867947e+09
1.739922170665832996e+09
1.739922170716995478e+09
1.739922170766645193e+09
1.739922170816462755e+09
1.739922170865784883e+09
1.739922170916132212e+09
1.739922170966885805e+09
1.739922171016493320e+09
1.739922171066427946e+09
1.739922171116691113e+09
1.739922171166634083e+09
1.739922171215700626e+09
1.739922171266424894e+09
1.739922171317332268e+09
1.739922171368591547e+09
1.739922171417719841e+09
1.739922171467651844e+09
1.739922171519437551e+09
1.739922171567856789e+09
1.739922171618031979e+09
1.739922171668475389e+09
1.739922171717560053e+09
1.739922171768588781e+09
1.739922171818664074e+09
1.739922171868825436e+09
1.739922171918644190e+09
1.739922171969596386e+09
1.739922172019870520e+09
1.739922172069287777e+09
1.739922172119494915e+09
1.739922172168550491e+09
1.739922172220716953e+09
1.739922172269803047e+09
1.739922172319976330e+09
1.739922172370399237e+09
1.739922172420701981e+09
1.739922172470830679e+09
1.739922172521871328e+09
1.739922172571151018e+09
1.739922172620925665e+09
1.739922172671103477e+09
1.739922172721228600e+09
1.739922172771481752e+09
1.739922172822325468e+09
1.739922172872078896e+09
1.739922172922508955e+09
1.739922172972154140e+09
1.739922173022696257e+09
1.739922173073768854e+09
1.739922173122452021e+09
1.739922173172633648e+09
1.739922173222741842e+09
1.739922173273123980e+09
1.739922173322918415e+09
1.739922173373343468e+09
1.739922173423437357e+09
1.739922173473833799e+09
1.739922173523802042e+09
1.739922173574017525e+09
1.739922173623707294e+09
1.739922173673331976e+09
1.739922173724346638e+09
1.739922173774070263e+09
1.739922173826437712e+09
1.739922173874376774e+09
1.739922173925291061e+09
1.739922173974660397e+09
1.739922174025924444e+09
1.739922174076150894e+09
1.739922174126056910e+09
1.739922174176411629e+09
1.739922174226858377e+09
1.739922174276053905e+09
1.739922174325163364e+09
1.739922174376013279e+09
1.739922174425809145e+09
1.739922174484613895e+09
1.739922174526308537e+09
1.739922174581956625e+09
1.739922174626359701e+09
1.739922174685296535e+09
1.739922174727040529e+09
1.739922174780901670e+09
1.739922174828472376e+09
1.739922174877191782e+09
1.739922174927127123e+09
1.739922174977028847e+09
1.739922175027403355e+09
1.739922175077772617e+09
1.739922175127716780e+09
1.739922175177918196e+09
1.739922175232028008e+09
1.739922175277765274e+09
1.739922175328320265e+09
1.739922175378785849e+09
1.739922175429162025e+09
1.739922175479168415e+09
1.739922175530131102e+09
1.739922175578813076e+09
1.739922175629950047e+09
1.739922175678234100e+09
1.739922175729231119e+09
1.739922175781517744e+09
1.739922175829553366e+09
1.739922175879730940e+09
1.739922175929991007e+09
1.739922175979946613e+09
1.739922176030047655e+09
1.739922176080105782e+09
1.739922176138372660e+09
1.739922176180453539e+09
1.739922176230009079e+09
1.739922176281844854e+09
1.739922176330814838e+09
1.739922176382567644e+09
1.739922176432755232e+09
1.739922176482003450e+09
1.739922176531785727e+09
1.739922176582749128e+09
1.739922176631731033e+09
1.739922176682876110e+09
1.739922176731915236e+09
1.739922176782273054e+09
1.739922176834360123e+09
1.739922176881555796e+09
1.739922176932478905e+09
1.739922176982698679e+09
1.739922177032708645e+09
1.739922177083347559e+09
1.739922177134086847e+09
1.739922177183586121e+09
1.739922177234970093e+09
1.739922177284560442e+09
1.739922177335164785e+09
1.739922177384615660e+09
1.739922177434210300e+09
1.739922177483975410e+09
1.739922177534244061e+09
1.739922177584306479e+09
1.739922177640017271e+09
1.739922177685759544e+09
1.739922177735504150e+09
1.739922177785997868e+09
1.739922177835065842e+09
1.739922177886640549e+09
1.739922177935666084e+09
1.739922177985419989e+09
1.739922178035984993e+09
1.739922178085876703e+09
1.739922178135970592e+09
1.739922178186583281e+09
1.739922178236229181e+09
1.739922178287262678e+09
1.739922178337301731e+09
1.739922178386889935e+09
1.739922178437377214e+09
1.739922178487257242e+09
1.739922178537130356e+09
1.739922178587862253e+09
1.739922178637892962e+09
1.739922178689709902e+09
1.739922178738619804e+09
1.739922178787783861e+09
1.739922178837944746e+09
1.739922178889377594e+09
1.739922178938391209e+09
1.739922178988502026e+09
1.739922179038803816e+09
1.739922179089234352e+09
1.739922179140027761e+09
1.739922179188991547e+09
1.739922179239541292e+09
1.739922179290866852e+09
1.739922179339650154e+09
1.739922179389207602e+09
1.739922179442437887e+09
1.739922179490020275e+09
1.739922179540780783e+09
1.739922179590289593e+09
1.739922179640602827e+09
1.739922179691533566e+09
1.739922179741174221e+09
1.739922179791558743e+09
1.739922179840165854e+09
1.739922179891259193e+09
1.739922179940881014e+09
1.739922179992505789e+09
1.739922180041784286e+09
1.739922180090893030e+09
1.739922180141885281e+09
1.739922180192319632e+09
1.739922180241426945e+09
1.739922180299178123e+09
1.739922180345245600e+09
1.739922180392894030e+09
1.739922180443302155e+09
1.739922180493622780e+09
1.739922180544606447e+09
1.739922180593563795e+09
1.739922180645068407e+09
1.739922180694627523e+09
1.739922180744846582e+09
1.739922180793555975e+09
1.739922180844306946e+09
1.739922180893283129e+09
1.739922180944019794e+09
1.739922180996024132e+09
1.739922181044033289e+09
1.739922181095020294e+09
1.739922181144761324e+09
1.739922181195298910e+09
1.739922181244982481e+09
1.739922181296495438e+09
1.739922181345313787e+09
1.739922181398825169e+09
1.739922181446258545e+09
1.739922181496320724e+09
1.739922181548019409e+09
1.739922181596501589e+09
1.739922181646764517e+09
1.739922181699215174e+09
1.739922181747117043e+09
1.739922181797327042e+09
1.739922181847679138e+09
1.739922181897658348e+09
1.739922181948110342e+09
1.739922182002040625e+09
1.739922182048333406e+09
1.739922182097744942e+09
1.739922182147407532e+09
1.739922182198975801e+09
1.739922182251050949e+09
1.739922182298974752e+09
1.739922182349251032e+09
1.739922182400132418e+09
1.739922182451922655e+09
1.739922182499644756e+09
1.739922182550435305e+09
1.739922182602729797e+09
1.739922182650701523e+09
1.739922182701069117e+09
1.739922182751658440e+09
1.739922182801347733e+09
1.739922182850193262e+09
1.739922182900790691e+09
1.739922182950641632e+09
1.739922183001819849e+09
1.739922183051452875e+09
1.739922183101671219e+09
1.739922183151618958e+09
1.739922183205376863e+09
1.739922183252461910e+09
1.739922183303508520e+09
1.739922183353041410e+09
1.739922183403271675e+09
1.739922183452605963e+09
1.739922183509179354e+09
1.739922183552846909e+09
1.739922183603158712e+09
1.739922183652737856e+09
1.739922183703363419e+09
1.739922183755057335e+09
1.739922183803645372e+09
1.739922183853778601e+09
1.739922183904399157e+09
1.739922183956513166e+09
1.739922184005050182e+09
1.739922184054332018e+09
1.739922184104563475e+09
1.739922184154653788e+09
1.739922184204418421e+09
1.739922184254930496e+09
1.739922184305301189e+09
1.739922184355323315e+09
1.739922184406322718e+09
1.739922184455465078e+09
1.739922184505667686e+09
1.739922184555965185e+09
1.739922184606224298e+09
1.739922184657576799e+09
1.739922184708743334e+09
1.739922184756644726e+09
1.739922184806654692e+09
1.739922184857841015e+09
1.739922184908809900e+09
1.739922184957058668e+09
1.739922185007869720e+09
1.739922185057823181e+09
1.739922185108118534e+09
1.739922185157939911e+09
1.739922185208440065e+09
1.739922185260930061e+09
1.739922185309465647e+09
1.739922185363212347e+09
1.739922185408317804e+09
1.739922185458534479e+09
1.739922185509366035e+09
1.739922185558824778e+09
1.739922185609059095e+09
1.739922185659353495e+09
1.739922185710387707e+09
1.739922185759665251e+09
1.739922185809767962e+09
1.739922185862790823e+09
1.739922185910906076e+09
1.739922185961400270e+09
1.739922186010009289e+09
1.739922186060743332e+09
1.739922186110892773e+09
1.739922186161206722e+09
1.739922186211291075e+09
1.739922186260849476e+09
1.739922186311548948e+09
1.739922186361769915e+09
1.739922186419790268e+09
1.739922186463433027e+09
1.739922186511878967e+09
1.739922186562819958e+09
1.739922186613957644e+09
1.739922186662818670e+09
1.739922186712600470e+09
1.739922186763119698e+09
1.739922186814778805e+09
1.739922186864100456e+09
1.739922186913467884e+09
1.739922186963639259e+09
1.739922187017005682e+09
1.739922187063957691e+09
1.739922187113654375e+09
1.739922187164256811e+09
1.739922187214129686e+09
1.739922187264870644e+09
1.739922187330602646e+09
1.739922187365013838e+09
1.739922187415039062e+09
1.739922187465077877e+09
1.739922187515274763e+09
1.739922187568027973e+09
1.739922187616396904e+09
1.739922187665875912e+09
1.739922187715939760e+09
1.739922187769280672e+09
1.739922187816684008e+09
1.739922187867662430e+09
1.739922187916519403e+09
1.739922187966766596e+09
1.739922188018145800e+09
1.739922188067052603e+09
1.739922188119064331e+09
1.739922188174498558e+09
1.739922188220374346e+09
1.739922188270949125e+09
1.739922188321629286e+09
1.739922188373353004e+09
1.739922188420127153e+09
1.739922188468258619e+09
1.739922188518718243e+09
1.739922188568283558e+09
1.739922188618767262e+09
1.739922188668854237e+09
1.739922188718891382e+09
1.739922188769123077e+09
1.739922188820562363e+09
1.739922188868982792e+09
1.739922188919562101e+09
1.739922188969425201e+09
1.739922189020061016e+09
1.739922189070362806e+09
1.739922189120110035e+09
1.739922189170578957e+09
1.739922189221024752e+09
1.739922189271021366e+09
1.739922189319767237e+09
1.739922189372014761e+09
1.739922189421091557e+09
1.739922189471129894e+09
1.739922189520771265e+09
1.739922189571771145e+09
1.739922189621923685e+09
1.739922189671238184e+09
1.739922189721725702e+09
1.739922189771849871e+09
1.739922189822829962e+09
1.739922189876827955e+09
1.739922189922650814e+09
1.739922189973828077e+09
1.739922190023404121e+09
1.739922190072825432e+09
1.739922190126871824e+09
1.739922190173230171e+09
1.739922190223744869e+09
1.739922190273784637e+09
1.739922190323733568e+09
1.739922190373262882e+09
1.739922190425049067e+09
1.739922190475678921e+09
1.739922190524186134e+09
1.739922190577265739e+09
1.739922190624598742e+09
1.739922190675287008e+09
1.739922190725509405e+09
1.739922190775737762e+09
1.739922190825217485e+09
1.739922190875382185e+09
1.739922190925581455e+09
1.739922190976220846e+09
1.739922191028028965e+09
1.739922191077974796e+09
1.739922191126044512e+09
1.739922191176294088e+09
1.739922191226561308e+09
1.739922191277872086e+09
1.739922191326731205e+09
1.739922191377837896e+09
1.739922191427484989e+09
1.739922191477132797e+09
1.739922191530740261e+09
1.739922191578005552e+09
1.739922191628008366e+09
1.739922191678636789e+09
1.739922191727657318e+09
1.739922191778129816e+09
1.739922191828875542e+09
1.739922191878925800e+09
1.739922191928350210e+09
1.739922191980141878e+09
1.739922192030710220e+09
1.739922192078942299e+09
1.739922192128375053e+09
1.739922192178198338e+09
1.739922192229451418e+09
1.739922192280087709e+09
1.739922192328987837e+09
1.739922192379827976e+09
1.739922192429268599e+09
1.739922192480016470e+09
1.739922192529966593e+09
1.739922192581261635e+09
1.739922192630325794e+09
1.739922192681142330e+09
1.739922192730944395e+09
1.739922192780756712e+09
1.739922192831934452e+09
1.739922192881947994e+09
1.739922192932452679e+09
1.739922192984377623e+09
1.739922193032025576e+09
1.739922193081942081e+09
1.739922193132730007e+09
1.739922193181766033e+09
1.739922193234305620e+09
1.739922193282699823e+09
1.739922193332571030e+09
1.739922193382134438e+09
1.739922193433992863e+09
1.739922193482547760e+09
1.739922193534444809e+09
1.739922193583376169e+09
1.739922193636848450e+09
1.739922193685316324e+09
1.739922193733824253e+09
1.739922193784946918e+09
1.739922193834260702e+09
1.739922193884857416e+09
1.739922193934527636e+09
1.739922193986451864e+09
1.739922194039166689e+09
1.739922194085500717e+09
1.739922194134968996e+09
1.739922194185087442e+09
1.739922194235208511e+09
1.739922194286211729e+09
1.739922194335608482e+09
1.739922194385871649e+09
1.739922194435870886e+09
1.739922194488400698e+09
1.739922194548436880e+09
1.739922194586249113e+09
1.739922194636419296e+09
1.739922194686785221e+09
1.739922194736834526e+09
1.739922194786984444e+09
1.739922194837564707e+09
1.739922194887563944e+09
1.739922194937632322e+09
1.739922194993206024e+09
1.739922195037523508e+09
1.739922195088223219e+09
1.739922195137379408e+09
1.739922195188017368e+09
1.739922195238999844e+09
1.739922195289009571e+09
1.739922195338976860e+09
1.739922195389595747e+09
1.739922195439501524e+09
1.739922195489782572e+09
1.739922195538773298e+09
1.739922195588042259e+09
1.739922195640622616e+09
1.739922195689124346e+09
1.739922195740211964e+09
1.739922195790037155e+09
1.739922195839757204e+09
1.739922195889700413e+09
1.739922195940416813e+09
1.739922195989946604e+09
1.739922196040572166e+09
1.739922196091419220e+09
1.739922196141149282e+09
1.739922196190631628e+09
1.739922196240756512e+09
1.739922196290343523e+09
1.739922196340521097e+09
1.739922196390353680e+09
1.739922196441537142e+09
1.739922199849355221e+09
1.739922199900534868e+09
1.739922199950780869e+09
1.739922200000066280e+09
1.739922200050595522e+09
1.739922200100560427e+09
1.739922200149744272e+09
1.739922200200844288e+09
1.739922200251369953e+09
1.739922200301236391e+09
1.739922200351527691e+09
1.739922200402608156e+09
1.739922200451857567e+09
1.739922200502342939e+09
1.739922200551211357e+09
1.739922200601313114e+09
1.739922200651916027e+09
1.739922200701646805e+09
1.739922200752707005e+09
1.739922200801944256e+09
1.739922200853081703e+09
1.739922200904160023e+09
1.739922200953843594e+09
1.739922201003969431e+09
1.739922201053115129e+09
1.739922201104651690e+09
1.739922201152850151e+09
1.739922201203619003e+09
1.739922201254615784e+09
1.739922201306060791e+09
1.739922201353475809e+09
1.739922201404835224e+09
1.739922201456792831e+09
1.739922201505084991e+09
1.739922201555057764e+09
1.739922201603933334e+09
1.739922201654717684e+09
1.739922201704993486e+09
1.739922201757243872e+09
1.739922201805934191e+09
1.739922201855186224e+09
1.739922201905985594e+09
1.739922201957488060e+09
1.739922202006194592e+09
1.739922202058543682e+09
1.739922202108171940e+09
1.739922202156713486e+09
1.739922202207650900e+09
1.739922202257681131e+09
1.739922202306967735e+09
1.739922202355894327e+09
1.739922202407265186e+09
1.739922202457530737e+09
1.739922202507508278e+09
1.739922202557758808e+09
1.739922202607687712e+09
1.739922202659111023e+09
1.739922202707414627e+09
1.739922202757650137e+09
1.739922202818458557e+09
1.739922202858748436e+09
1.739922202908134222e+09
1.739922202959320068e+09
1.739922203009683132e+09
1.739922203058370590e+09
1.739922203109097719e+09
1.739922203159741640e+09
1.739922203211324215e+09
1.739922203259263515e+09
1.739922203309923172e+09
1.739922203359986544e+09
1.739922203410229206e+09
1.739922203459341526e+09
1.739922203510612726e+09
1.739922203559509277e+09
1.739922203611349583e+09
1.739922203659522772e+09
1.739922203709896564e+09
1.739922203759907007e+09
1.739922203811220646e+09
1.739922203862002134e+09
1.739922203912428856e+09
1.739922203961385012e+09
1.739922204010921001e+09
1.739922204060810566e+09
1.739922204112078190e+09
1.739922204162126303e+09
1.739922204212070227e+09
1.739922204262316227e+09
1.739922204311598539e+09
1.739922204362005711e+09
1.739922204412397623e+09
1.739922204462751389e+09
1.739922204513165712e+09
1.739922204562843800e+09
1.739922204614699125e+09
1.739922204663113832e+09
1.739922204714161634e+09
1.739922204764338255e+09
1.739922204813897133e+09
1.739922204862944603e+09
1.739922204924527168e+09
1.739922204964267731e+09
1.739922205013342619e+09
1.739922205064132690e+09
1.739922205116019249e+09
1.739922205164989948e+09
1.739922205214554071e+09
1.739922205264274836e+09
1.739922205314476728e+09
1.739922205363979101e+09
1.739922205416970968e+09
1.739922205465055227e+09
1.739922205516985416e+09
1.739922205564385176e+09
1.739922205616710186e+09
1.739922205663987875e+09
1.739922205715238333e+09
1.739922205765393972e+09
1.739922205815916538e+09
1.739922205865927696e+09
1.739922205916309595e+09
1.739922205966049910e+09
1.739922206016049147e+09
1.739922206066123724e+09
1.739922206118629932e+09
1.739922206166379929e+09
1.739922206216484308e+09
1.739922206267032385e+09
1.739922206316593885e+09
1.739922206367891312e+09
1.739922206417522669e+09
1.739922206470371008e+09
1.739922206515859604e+09
1.739922206567918062e+09
1.739922206617958307e+09
1.739922206666894197e+09
1.739922206717830896e+09
1.739922206768028498e+09
1.739922206818797588e+09
1.739922206867761612e+09
1.739922206917744875e+09
1.739922206969182253e+09
1.739922207018493652e+09
1.739922207067385197e+09
1.739922207119416475e+09
1.739922207168871880e+09
1.739922207223186016e+09
1.739922207268045902e+09
1.739922207318300724e+09
1.739922207369988680e+09
1.739922207419851303e+09
1.739922207469713926e+09
1.739922207521152973e+09
1.739922207568923473e+09
1.739922207623680353e+09
1.739922207671946764e+09
1.739922207720021486e+09
1.739922207769835472e+09
1.739922207821146250e+09
1.739922207870926619e+09
1.739922207921215057e+09
1.739922207971578121e+09
1.739922208021750927e+09
1.739922208072246552e+09
1.739922208121075630e+09
1.739922208171646833e+09
1.739922208220699549e+09
1.739922208271632433e+09
1.739922208322842121e+09
1.739922208371722460e+09
1.739922208422238111e+09
1.739922208472314596e+09
1.739922208522502422e+09
1.739922208572963476e+09
1.739922208621738672e+09
1.739922208675353050e+09
1.739922208722868443e+09
1.739922208773850441e+09
1.739922208823311806e+09
1.739922208873412848e+09
1.739922208923051357e+09
1.739922208973415136e+09
1.739922209023253202e+09
1.739922209072921515e+09
1.739922209123049259e+09
1.739922209174172878e+09
1.739922209223077536e+09
1.739922209274559498e+09
1.739922209324136972e+09
1.739922209374195814e+09
1.739922209424856901e+09
1.739922209475337505e+09
1.739922209526553869e+09
1.739922209575002909e+09
1.739922209625956059e+09
1.739922209675844193e+09
1.739922209725086212e+09
1.739922209774511576e+09
1.739922209831164122e+09
1.739922209876392603e+09
1.739922209926996469e+09
1.739922209975228310e+09
1.739922210029522419e+09
1.739922210076415777e+09
1.739922210126574755e+09
1.739922210177945852e+09
1.739922210225799799e+09
1.739922210277158737e+09
1.739922210327132463e+09
1.739922210377901316e+09
1.739922210428624630e+09
1.739922210476462126e+09
1.739922210528213739e+09
1.739922210578126192e+09
1.739922210628070831e+09
1.739922210678068399e+09
1.739922210728034496e+09
1.739922210778249741e+09
1.739922210829822779e+09
1.739922210878551245e+09
1.739922210928843021e+09
1.739922210978628159e+09
1.739922211028873682e+09
1.739922211080021620e+09
1.739922211128595829e+09
1.739922211179234982e+09
1.739922211230038881e+09
1.739922211280433416e+09
1.739922211329575777e+09
1.739922211380049944e+09
1.739922211429973841e+09
1.739922211480934143e+09
1.739922211531195164e+09
1.739922211580849409e+09
1.739922211630205870e+09
1.739922211680863380e+09
1.739922211731117725e+09
1.739922211781283379e+09
1.739922211832433462e+09
1.739922211881146669e+09
1.739922211930171728e+09
1.739922211981803179e+09
1.739922212031698704e+09
1.739922212081838846e+09
1.739922212131498098e+09
1.739922212182150364e+09
1.739922212232259035e+09
1.739922212282366991e+09
1.739922212332410574e+09
1.739922212382583618e+09
1.739922212432666063e+09
1.739922212482541800e+09
1.739922212532323122e+09
1.739922212583069801e+09
1.739922212633429050e+09
1.739922212683201313e+09
1.739922212733291626e+09
1.739922212783654213e+09
1.739922212833660364e+09
1.739922212883779764e+09
1.739922212934668779e+09
1.739922212984019756e+09
1.739922213035073519e+09
1.739922213085276604e+09
1.739922213133415699e+09
1.739922213183629751e+09
1.739922213234853983e+09
1.739922213284171343e+09
1.739922213335431099e+09
1.739922213385268211e+09
1.739922213434983730e+09
1.739922213484615564e+09
1.739922213536905766e+09
1.739922213585738182e+09
1.739922213635996342e+09
1.739922213688116312e+09
1.739922213736730337e+09
1.739922213785351992e+09
1.739922213836391926e+09
1.739922213886013269e+09
1.739922213936730146e+09
1.739922213986779690e+09
1.739922214035629272e+09
1.739922214090711594e+09
1.739922214138060331e+09
1.739922214188340902e+09
1.739922214237576723e+09
1.739922214288329840e+09
1.739922214338288069e+09
1.739922214388136864e+09
1.739922214438623905e+09
1.739922214488016605e+09
1.739922214538687229e+09
1.739922214589701891e+09
1.739922214638415575e+09
1.739922214688530922e+09
1.739922214738697529e+09
1.739922214790199041e+09
1.739922214838837147e+09
1.739922214888909101e+09
1.739922214937859058e+09
1.739922214989269972e+09
1.739922215043066978e+09
1.739922215095180273e+09
1.739922215140043497e+09
1.739922215189775705e+09
1.739922215239873886e+09
1.739922215289994717e+09
1.739922215340431929e+09
1.739922215390165091e+09
1.739922215440349340e+09
1.739922215490002871e+09
1.739922215540696859e+09
1.739922215590775490e+09
1.739922215642251968e+09
1.739922215691814423e+09
1.739922215741583347e+09
1.739922215791414738e+09
1.739922215841417551e+09
1.739922215891764879e+09
1.739922215940664530e+09
1.739922215993869543e+09
1.739922216042893410e+09
1.739922216091603518e+09
1.739922216142747879e+09
1.739922216192966223e+09
1.739922216242591381e+09
1.739922216292805433e+09
1.739922216343713045e+09
1.739922216393239498e+09
1.739922216443522453e+09
1.739922216493579626e+09
1.739922216543893814e+09
1.739922216593150139e+09
1.739922216647129059e+09
1.739922216693093538e+09
1.739922216743011236e+09
1.739922216795350313e+09
1.739922216844970465e+09
1.739922216893980742e+09
1.739922216946089745e+09
1.739922216994759798e+09
1.739922217044789314e+09
1.739922217094965219e+09
1.739922217145694733e+09
1.739922217195949793e+09
1.739922217246075869e+09
1.739922217295168877e+09
1.739922217345892668e+09
1.739922217395604134e+09
1.739922217445003033e+09
1.739922217497086525e+09
1.739922217545624733e+09
1.739922217597385406e+09
1.739922217648821354e+09
1.739922217697987318e+09
1.739922217746239901e+09
1.739922217796066761e+09
1.739922217848435879e+09
1.739922217899768829e+09
1.739922217947489738e+09
1.739922217998763084e+09
1.739922218047386169e+09
1.739922218096807718e+09
1.739922218147922277e+09
1.739922218197760344e+09
1.739922218248338699e+09
1.739922218299434185e+09
1.739922218350296021e+09
1.739922218398497581e+09
1.739922218448764563e+09
1.739922218498953581e+09
1.739922218548368216e+09
1.739922218599471092e+09
1.739922218649465799e+09
1.739922218699522257e+09
1.739922218749826193e+09
1.739922218799772501e+09
1.739922218849401712e+09
1.739922218899359941e+09
1.739922218951140642e+09
1.739922219001271963e+09
1.739922219050670862e+09
1.739922219104554892e+09
1.739922219149578333e+09
1.739922219200534344e+09
1.739922219250744581e+09
1.739922219301356554e+09
1.739922219350544453e+09
1.739922219402057648e+09
1.739922219451866388e+09
1.739922219501911879e+09
1.739922219552323580e+09
1.739922219602662086e+09
1.739922219654291391e+09
1.739922219701726198e+09
1.739922219751775026e+09
1.739922219802734137e+09
1.739922219853107691e+09
1.739922219903925180e+09
1.739922219952384710e+09
1.739922220003840208e+09
1.739922220053513288e+09
1.739922220104091406e+09
1.739922220155181408e+09
1.739922220205567122e+09
1.739922220254691124e+09
1.739922220304435253e+09
1.739922220354908705e+09
1.739922220404766798e+09
1.739922220454284191e+09
1.739922220505633354e+09
1.739922220554438353e+09
1.739922220604130745e+09
1.739922220655605555e+09
1.739922220706077099e+09
1.739922220755422115e+09
1.739922220805831909e+09
1.739922220855437279e+09
1.739922220906630754e+09
1.739922220956900358e+09
1.739922221008072138e+09
1.739922221056771517e+09
1.739922221106393814e+09
1.739922221158082485e+09
1.739922221207887411e+09
1.739922221257354498e+09
1.739922221306938171e+09
1.739922221357026815e+09
1.739922221408043146e+09
1.739922221457826853e+09
1.739922221506910801e+09
1.739922221557901621e+09
1.739922221608388901e+09
1.739922221657987833e+09
1.739922221709673643e+09
1.739922221758595943e+09
1.739922221809354067e+09
1.739922221858915806e+09
1.739922221910100222e+09
1.739922221960014343e+09
1.739922222008713245e+09
1.739922222062610149e+09
1.739922222110736132e+09
1.739922222159707546e+09
1.739922222210380316e+09
1.739922222260446310e+09
1.739922222311350822e+09
1.739922222360878706e+09
1.739922222413858414e+09
1.739922222460013866e+09
1.739922222511528015e+09
1.739922222560272694e+09
1.739922222611636877e+09
1.739922222661489010e+09
1.739922222711820364e+09
1.739922222763657808e+09
1.739922222812433243e+09
1.739922222862807274e+09
1.739922222912309647e+09
1.739922222962444782e+09
1.739922223011569262e+09
1.739922223063308716e+09
1.739922223112950325e+09
1.739922223162536860e+09
1.739922223214712620e+09
1.739922223262885809e+09
1.739922223313647509e+09
1.739922223363129377e+09
1.739922223414729118e+09
1.739922223466999054e+09
1.739922223513158083e+09
1.739922223567993641e+09
1.739922223615094185e+09
1.739922223664600134e+09
1.739922223715102434e+09
1.739922223764708519e+09
1.739922223813725710e+09
1.739922223864148140e+09
1.739922223916683674e+09
1.739922223965304136e+09
1.739922224015469313e+09
1.739922224067412138e+09
1.739922224115908623e+09
1.739922224166209221e+09
1.739922224218005419e+09
1.739922224266852379e+09
1.739922224316836357e+09
1.739922224368676901e+09
1.739922224416639090e+09
1.739922224466911554e+09
1.739922224516808033e+09
1.739922224568017006e+09
1.739922224617193460e+09
1.739922224668541908e+09
1.739922224717151165e+09
1.739922224771831512e+09
1.739922224823449373e+09
1.739922224868035555e+09
1.739922224918188810e+09
1.739922224968298435e+09
1.739922225018436909e+09
1.739922225067412376e+09
1.739922225119175196e+09
1.739922225168865442e+09
1.739922225218414783e+09
1.739922225269386768e+09
1.739922225331303120e+09
1.739922225369405508e+09
1.739922225419473410e+09
1.739922225470557213e+09
1.739922225518693924e+09
1.739922225569085121e+09
1.739922225620126486e+09
1.739922225669782877e+09
1.739922225720371246e+09
1.739922225770572901e+09
1.739922225819909811e+09
1.739922225872118473e+09
1.739922225920489073e+09
1.739922225970454931e+09
1.739922226020857811e+09
1.739922226070938826e+09
1.739922226121174335e+09
1.739922226173421621e+09
1.739922226221198797e+09
1.739922226272043943e+09
1.739922226321541786e+09
1.739922226372208834e+09
1.739922226422301531e+09
1.739922226472496271e+09
1.739922226522193432e+09
1.739922226572244883e+09
1.739922226622956038e+09
1.739922226672478199e+09
1.739922226724038839e+09
1.739922226773611307e+09
1.739922226823667526e+09
1.739922226873332977e+09
1.739922226923684597e+09
1.739922226974224567e+09
1.739922227023797512e+09
1.739922227074708700e+09
1.739922227123970985e+09
1.739922227174701452e+09
1.739922227224351883e+09
1.739922227275768995e+09
1.739922227324619055e+09
1.739922227374549389e+09
1.739922227424266577e+09
1.739922227474537611e+09
1.739922227525214195e+09
1.739922227575197220e+09
1.739922227625663042e+09
1.739922227675573111e+09
1.739922227724590540e+09
1.739922227775954962e+09
1.739922227825696230e+09
1.739922227876819611e+09
1.739922227925860882e+09
1.739922227975821257e+09
1.739922228026671886e+09
1.739922228076175451e+09
1.739922228127094746e+09
1.739922228176952362e+09
1.739922228227063179e+09
1.739922228276693106e+09
1.739922228327759981e+09
1.739922228377524137e+09
1.739922228427915096e+09
1.739922228477277994e+09
1.739922228527396441e+09
1.739922228577547073e+09
1.739922228628657818e+09
1.739922228679230928e+09
1.739922228728782177e+09
1.739922228779546261e+09
1.739922228827943325e+09
1.739922228879431486e+09
1.739922228929075003e+09
1.739922228980477333e+09
1.739922229030225992e+09
1.739922229079478979e+09
1.739922229128792524e+09
1.739922229179600477e+09
1.739922229230170727e+09
1.739922229280105114e+09
1.739922229330367565e+09
1.739922229380415678e+09
1.739922229429793358e+09
1.739922229480283022e+09
1.739922229531278849e+09
1.739922229581127882e+09
1.739922229630180836e+09
1.739922229681281328e+09
1.739922229731308222e+09
1.739922229780986071e+09
1.739922229832909822e+09
1.739922229881068468e+09
1.739922229932012081e+09
1.739922229981764793e+09
1.739922230032786608e+09
1.739922230082508087e+09
1.739922230132109404e+09
1.739922230182754278e+09
1.739922230232669592e+09
1.739922230282964706e+09
1.739922230333133459e+09
1.739922230393723726e+09
1.739922230439139843e+09
1.739922230483158112e+09
1.739922230532566786e+09
1.739922230583115101e+09
1.739922230636056662e+09
1.739922230684115648e+09
1.739922230734901905e+09
1.739922230784877062e+09
1.739922230835108042e+09
1.739922230885727644e+09
1.739922230935049295e+09
1.739922230984723806e+09
1.739922231033874750e+09
1.739922231085152149e+09
1.739922231135813713e+09
1.739922231185451031e+09
1.739922231235440731e+09
1.739922231285922050e+09
1.739922231335888624e+09
1.739922231386969328e+09
1.739922231435455799e+09
1.739922231486677408e+09
1.739922231536517859e+09
1.739922231587060213e+09
1.739922231637050390e+09
1.739922231686994791e+09
1.739922231736603022e+09
1.739922231789448023e+09
1.739922231838856697e+09
1.739922231888242006e+09
1.739922231937502623e+09
1.739922231988544941e+09
1.739922232040528297e+09
1.739922232087513447e+09
1.739922232140060186e+09
1.739922232187304258e+09
1.739922232238498211e+09
1.739922232289054155e+09
1.739922232338194847e+09
1.739922232391646862e+09
1.739922232440279961e+09
1.739922232489043236e+09
1.739922232538872719e+09
1.739922232594644070e+09
1.739922232638966560e+09
1.739922232690359354e+09
1.739922232744369984e+09
1.739922232789833307e+09
1.739922232845521688e+09
1.739922232891979218e+09
1.739922232939874649e+09
1.739922232990640879e+09
1.739922233039481878e+09
1.739922233091192484e+09
1.739922233140918970e+09
1.739922233192242146e+09
1.739922233241183758e+09
1.739922233293036222e+09
1.739922233341506958e+09
1.739922233391743422e+09
1.739922233440784931e+09
1.739922233493319750e+09
1.739922233542244673e+09
1.739922233593090296e+09
1.739922233642384529e+09
1.739922233692830801e+09
1.739922233742614508e+09
1.739922233792021513e+09
1.739922233843082905e+09
1.739922233892895222e+09
1.739922233943937063e+09
1.739922233993179321e+09
1.739922234043293953e+09
1.739922234094621181e+09
1.739922234144777536e+09
1.739922234196962118e+09
1.739922234245128155e+09
1.739922234296388149e+09
1.739922234345558643e+09
1.739922234394749403e+09
1.739922234443782568e+09
1.739922234496133327e+09
1.739922234545582056e+09
1.739922234596654177e+09
1.739922234646708727e+09
1.739922234695846319e+09
1.739922234745975733e+09
1.739922234796200514e+09
1.739922234846097231e+09
1.739922234896223068e+09
1.739922234946959734e+09
1.739922234997035027e+09
1.739922235047103882e+09
1.739922235097437859e+09
1.739922235148975134e+09
1.739922235197315931e+09
1.739922235247673035e+09
1.739922235297838449e+09
1.739922235347702265e+09
1.739922235397975206e+09
1.739922235448191166e+09
1.739922235498998165e+09
1.739922235548382282e+09
1.739922235598415136e+09
1.739922235649661541e+09
1.739922235699256182e+09
1.739922235748884439e+09
1.739922235801846027e+09
1.739922235850354910e+09
1.739922235899596453e+09
1.739922235949529648e+09
1.739922236001717806e+09
1.739922236049820900e+09
1.739922236099774837e+09
1.739922236150926352e+09
1.739922236201379776e+09
1.739922236251066446e+09
1.739922236301012754e+09
1.739922236350535154e+09
1.739922236400887728e+09
1.739922236450981379e+09
1.739922236501238108e+09
1.739922236550101995e+09
1.739922236601804972e+09
1.739922236653385639e+09
1.739922236701037407e+09
1.739922236751832485e+09
1.739922236800847530e+09
1.739922236851966619e+09
1.739922236902369261e+09
1.739922236952653646e+09
1.739922237002402782e+09
1.739922237051429749e+09
1.739922237102109909e+09
1.739922237151691914e+09
1.739922237202956438e+09
1.739922237253128529e+09
1.739922237302317858e+09
1.739922237353436947e+09
1.739922237404338360e+09
1.739922237453196764e+09
1.739922237504720926e+09
1.739922237553358793e+09
1.739922237606406927e+09
1.739922237653411865e+09
1.739922237704327345e+09
1.739922237754395962e+09
1.739922237803747177e+09
1.739922237854750633e+09
1.739922237905138493e+09
1.739922237957368851e+09
1.739922238006116629e+09
1.739922238056833506e+09
1.739922238105578899e+09
1.739922238154320955e+09
1.739922238205642700e+09
1.739922238255736828e+09
1.739922238307451248e+09
1.739922238356168747e+09
1.739922238406246901e+09
1.739922238455938101e+09
1.739922238506669283e+09
1.739922238561980486e+09
1.739922238606811047e+09
1.739922238656029940e+09
1.739922238710089684e+09
1.739922238756987095e+09
1.739922238807661295e+09
1.739922238857748032e+09
1.739922238909381628e+09
1.739922238957857609e+09
1.739922239008437157e+09
1.739922239057774782e+09
1.739922239108720064e+09
1.739922239158248663e+09
1.739922239208706141e+09
1.739922239258897066e+09
1.739922239309595108e+09
1.739922239359175682e+09
1.739922239408597946e+09
1.739922239459263802e+09
1.739922239509243488e+09
1.739922239560253620e+09
1.739922239612941504e+09
1.739922239660858393e+09
1.739922239710118055e+09
1.739922239761059999e+09
1.739922239811524391e+09
1.739922239860729456e+09
1.739922239910832644e+09
1.739922239961498022e+09
1.739922240011179209e+09
1.739922240061366796e+09
1.739922240111533642e+09
1.739922240161783457e+09
1.739922240211701393e+09
1.739922240262149334e+09
1.739922240311981916e+09
1.739922240362583637e+09
1.739922240411278963e+09
1.739922240463593483e+09
1.739922240514115810e+09
1.739922240562945604e+09
1.739922240620127678e+09
1.739922240662498713e+09
1.739922240712881804e+09
1.739922240764062166e+09
1.739922240813421011e+09
1.739922240864958525e+09
1.739922240913943291e+09
1.739922240964847803e+09
1.739922241015463114e+09
1.739922241064502239e+09
1.739922241113215208e+09
1.739922241164602995e+09
1.739922241214670420e+09
1.739922241265610218e+09
1.739922241316079140e+09
1.739922241365325928e+09
1.739922241415628195e+09
1.739922241465555191e+09
1.739922241515593767e+09
1.739922241565691948e+09
1.739922241615860701e+09
1.739922241665929317e+09
1.739922241715603828e+09
1.739922241766291380e+09
1.739922241816362858e+09
1.739922241866991043e+09
1.739922241916715145e+09
1.739922241967933893e+09
1.739922242016907454e+09
1.739922242067229509e+09
1.739922242119194984e+09
1.739922242171600103e+09
1.739922242217003822e+09
1.739922242267699957e+09
1.739922242317979336e+09
1.739922242368096113e+09
1.739922242418526888e+09
1.739922242468247652e+09
1.739922242519776583e+09
1.739922242573271036e+09
1.739922242619151354e+09
1.739922242668964624e+09
1.739922242719180584e+09
1.739922242769773483e+09
1.739922242820308208e+09
1.739922242868862629e+09
1.739922242920439959e+09
1.739922242969731808e+09
1.739922243019391775e+09
1.739922243069850683e+09
1.739922243119596958e+09
1.739922243170415401e+09
1.739922243220476389e+09
1.739922243271378279e+09
1.739922243320203781e+09
1.739922243370750666e+09
1.739922243420374632e+09
1.739922243472006798e+09
1.739922243521260023e+09
1.739922243571528673e+09
1.739922243621587753e+09
1.739922243672121763e+09
1.739922243722622871e+09
1.739922243772629738e+09
1.739922243822155714e+09
1.739922243872288704e+09
1.739922243923243046e+09
1.739922243973979950e+09
1.739922244022580624e+09
1.739922244073240519e+09
1.739922244124268770e+09
1.739922244174047947e+09
1.739922244224342346e+09
1.739922244275205135e+09
1.739922244323699236e+09
1.739922244373260975e+09
1.739922244424034119e+09
1.739922244474359512e+09
1.739922244524357319e+09
1.739922244574339867e+09
1.739922244624727488e+09
1.739922244677315950e+09
1.739922244724979639e+09
1.739922244775189161e+09
1.739922244825314283e+09
1.739922244879168034e+09
1.739922244925724983e+09
1.739922244976849318e+09
1.739922245025684595e+09
1.739922245076197624e+09
1.739922245126201153e+09
1.739922245177012682e+09
1.739922245225747347e+09
1.739922245276493788e+09
1.739922245326040983e+09
1.739922245376937866e+09
1.739922245426826954e+09
1.739922245476920366e+09
1.739922245528669834e+09
1.739922245577025652e+09
1.739922245627649069e+09
1.739922245678917885e+09
1.739922245737735510e+09
1.739922245777537823e+09
1.739922245828391790e+09
1.739922245878443003e+09
1.739922245928645849e+09
1.739922245978988886e+09
1.739922246028994560e+09
1.739922246079311848e+09
1.739922246129517317e+09
1.739922246179935932e+09
1.739922246230169773e+09
1.739922246279149771e+09
1.739922246329619169e+09
1.739922246380022526e+09
1.739922246432025194e+09
1.739922246480297565e+09
1.739922246530522108e+09
1.739922246580298424e+09
1.739922246630724669e+09
1.739922246680773258e+09
1.739922246730004549e+09
1.739922246781373024e+09
1.739922246830794096e+09
1.739922246881310940e+09
1.739922246931741714e+09
1.739922246981488943e+09
1.739922247031624794e+09
1.739922247083351851e+09
1.739922247132870436e+09
1.739922247182298183e+09
1.739922247232313871e+09
1.739922247281966925e+09
1.739922247333172083e+09
1.739922247383782148e+09
1.739922247432867527e+09
1.739922247485456944e+09
1.739922247533241510e+09
1.739922247583143950e+09
1.739922247633436918e+09
1.739922247683605194e+09
1.739922247733505964e+09
1.739922247783034325e+09
1.739922247833817244e+09
1.739922247882786274e+09
1.739922247933579922e+09
1.739922247984590054e+09
1.739922248033934355e+09
1.739922248084673166e+09
1.739922248136256456e+09
1.739922248185024023e+09
1.739922248235623121e+09
1.739922248284846306e+09
1.739922248335616827e+09
1.739922248385258436e+09
1.739922248435836554e+09
1.739922248486041546e+09
1.739922248537776709e+09
1.739922248586884975e+09
1.739922248636839867e+09
1.739922248688378096e+09
1.739922248736804724e+09
1.739922248787013769e+09
1.739922248837278128e+09
1.739922248888027191e+09
1.739922248938188553e+09
1.739922248988664150e+09
1.739922249038641453e+09
1.739922249088067770e+09
1.739922249138201714e+09
1.739922249188047409e+09
1.739922249238178015e+09
1.739922249288186550e+09
1.739922249338663578e+09
1.739922249388463497e+09
1.739922249437487841e+09
1.739922249489399910e+09
1.739922249538909674e+09
1.739922249589842319e+09
1.739922249639213562e+09
1.739922249689416409e+09
1.739922249739973545e+09
1.739922249789611816e+09
1.739922249840404987e+09
1.739922249891005754e+09
1.739922249940361500e+09
1.739922249989831924e+09
1.739922250040300846e+09
1.739922250091098785e+09
1.739922250143992662e+09
1.739922250192737341e+09
1.739922250240928173e+09
1.739922250291601896e+09
1.739922250340549469e+09
1.739922250392870903e+09
1.739922250443131924e+09
1.739922250492473125e+09
1.739922250541706085e+09
1.739922250591688633e+09
1.739922250643361568e+09
1.739922250692950964e+09
1.739922250743263721e+09
1.739922250792540073e+09
1.739922250850415468e+09
1.739922250892867088e+09
1.739922250942983627e+09
1.739922250993098497e+09
1.739922251043575287e+09
1.739922251093369246e+09
1.739922251142905951e+09
1.739922251193927765e+09
1.739922251245207310e+09
1.739922251293933630e+09
1.739922251343385935e+09
1.739922251394556761e+09
1.739922251447991133e+09
1.739922251496606112e+09
1.739922251544687986e+09
1.739922251594656229e+09
1.739922251644888401e+09
1.739922251694772005e+09
1.739922251745286942e+09
1.739922251795047522e+09
1.739922251845350504e+09
1.739922251895803690e+09
1.739922251945234537e+09
1.739922251996320486e+09
1.739922252046230078e+09
1.739922252095314503e+09
1.739922252146771669e+09
1.739922252195566416e+09
1.739922252245232344e+09
1.739922252296020985e+09
1.739922252345927954e+09
1.739922252397632837e+09
1.739922252446940899e+09
1.739922252496471882e+09
1.739922252546608686e+09
1.739922252597178221e+09
1.739922252647522449e+09
1.739922252697452545e+09
1.739922252750044107e+09
1.739922252797570705e+09
1.739922252848296881e+09
1.739922252899477482e+09
1.739922252948389053e+09
1.739922252999401569e+09
1.739922253048178434e+09
1.739922253098168135e+09
1.739922253148353100e+09
1.739922253199803114e+09
1.739922253247709274e+09
1.739922253297914267e+09
1.739922253348914385e+09
1.739922253398290634e+09
1.739922253448832989e+09
1.739922253499682665e+09
1.739922253550061464e+09
1.739922253599604845e+09
1.739922253649884224e+09
1.739922253704780102e+09
1.739922253749758244e+09
1.739922253800440311e+09
1.739922253850057840e+09
1.739922253900337458e+09
1.739922253950706959e+09
1.739922254000612497e+09
1.739922254050488949e+09
1.739922254101140261e+09
1.739922254151375294e+09
1.739922254201662540e+09
1.739922254251087427e+09
1.739922254301741838e+09
1.739922254352809191e+09
1.739922254403167486e+09
1.739922254453863859e+09
1.739922254502208948e+09
1.739922254552232981e+09
1.739922254603071928e+09
1.739922254652609587e+09
1.739922254703101158e+09
1.739922254752965927e+09
1.739922254802512169e+09
1.739922254853520393e+09
1.739922254905576229e+09
1.739922254953479052e+09
1.739922255008636475e+09
1.739922255053862333e+09
1.739922255103827953e+09
1.739922255154161453e+09
1.739922255203848362e+09
1.739922255254734516e+09
1.739922255303745508e+09
1.739922255356961012e+09
1.739922255404031515e+09
1.739922255454753399e+09
1.739922255504758835e+09
1.739922255554431915e+09
1.739922255605346203e+09
1.739922255655064821e+09
1.739922255704430103e+09
1.739922255756918669e+09
1.739922255806748867e+09
1.739922255855952740e+09
